title:the grid, season 13
description: it's the grid, baby
dimwishlist:item=821154603&perks=3643424744,3425386926#notes: the grid (seaon 13)
dimwishlist:item=1907698332&perks=3643424744,2848615171#notes: the grid (seaon 13)
dimwishlist:item=601592879&perks=1354429876,3425386926#notes: the grid (seaon 13)
dimwishlist:item=3143732432&perks=3643424744,3425386926#notes: the grid (seaon 13)
dimwishlist:item=1561006927&perks=1354429876,3425386926#notes: the grid (seaon 13)
dimwishlist:item=2633186522&perks=3643424744,4049631843#notes: the grid (seaon 13)
dimwishlist:item=20935540&perks=1820235745,2726471870#notes: the grid (seaon 13)
dimwishlist:item=3385326721&perks=3300816228,3523296417#notes: the grid (seaon 13)
dimwishlist:item=3906357379&perks=2848615171,201365942#notes: the grid (seaon 13)
dimwishlist:item=3460122497&perks=951095735,4104185692#notes: the grid (seaon 13)
dimwishlist:item=2721249463&perks=201365942,3425386926#notes: the grid (seaon 13)
dimwishlist:item=211938782&perks=201365942,3350417888#notes: the grid (seaon 13)
dimwishlist:item=4095896073&perks=201365942,3365897133#notes: the grid (seaon 13)
dimwishlist:item=1621657423&perks=2450788523,3350417888#notes: the grid (seaon 13)
dimwishlist:item=253196586&perks=3300816228,2213355989#notes: the grid (seaon 13)
dimwishlist:item=4017959782&perks=3425386926,1015611457#notes: the grid (seaon 13)
dimwishlist:item=3258665412&perks=3300816228,2726471870#notes: the grid (seaon 13)
dimwishlist:item=3512349612&perks=2779035018,2726471870#notes: the grid (seaon 13)
dimwishlist:item=679281855&perks=2869569095,2458213969#notes: the grid (seaon 13)
dimwishlist:item=1030895163&perks=2054312701,2213355989#notes: the grid (seaon 13)
dimwishlist:item=1648316470&perks=3300816228,3523296417#notes: the grid (seaon 13)
dimwishlist:item=607191995&perks=2450788523,3708227201#notes: the grid (seaon 13)
dimwishlist:item=2481881293&perks=2054312701,2213355989#notes: the grid (seaon 13)
dimwishlist:item=2209003210&perks=3300816228,1600092898#notes: the grid (seaon 13)
dimwishlist:item=2453357042&perks=2284787283,2396489472#notes: the grid (seaon 13)
dimwishlist:item=3565520715&perks=2869569095,2396489472#notes: the grid (seaon 13)
dimwishlist:item=2257180473&perks=2869569095,2888557110#notes: the grid (seaon 13)
dimwishlist:item=1363238943&perks=2010801679,2396489472#notes: the grid (seaon 13)
dimwishlist:item=1946491241&perks=3300816228,3523296417#notes: the grid (seaon 13)
dimwishlist:item=407621213&perks=2869569095,3523296417#notes: the grid (seaon 13)
dimwishlist:item=4146702548&perks=2869569095,2010801679#notes: the grid (seaon 13)
dimwishlist:item=981718087&perks=2010801679,3592538738#notes: the grid (seaon 13)
dimwishlist:item=48643186&perks=1168162263,4082225868#notes: the grid (seaon 13)
dimwishlist:item=2742838701&perks=3643424744,4082225868#notes: the grid (seaon 13)
dimwishlist:item=654370424&perks=1168162263,2848615171#notes: the grid (seaon 13)
dimwishlist:item=432476743&perks=3643424744,4049631843#notes: the grid (seaon 13)
dimwishlist:item=334171687&perks=1168162263,1015611457#notes: the grid (seaon 13)
dimwishlist:item=1046651176&perks=1168162263,3425386926#notes: the grid (seaon 13)
dimwishlist:item=3886263130&perks=1168162263,4049631843#notes: the grid (seaon 13)
dimwishlist:item=2742838700&perks=3643424744,3425386926#notes: the grid (seaon 13)
dimwishlist:item=1835747805&perks=1820235745,2848615171#notes: the grid (seaon 13)
dimwishlist:item=3281285075&perks=1523832109,4049631843#notes: the grid (seaon 13)
dimwishlist:item=3037520408&perks=1354429876,1954620775#notes: the grid (seaon 13)
dimwishlist:item=2714022207&perks=1168162263,3523296417#notes: the grid (seaon 13)
dimwishlist:item=4017959782&perks=2869569095,1015611457#notes: the grid (seaon 13)
dimwishlist:item=3075224551&perks=2869569095,4104185692#notes: the grid (seaon 13)
dimwishlist:item=66875353&perks=3300816228,4082225868#notes: the grid (seaon 13)
dimwishlist:item=4230965989&perks=1523832109,3425386926#notes: the grid (seaon 13)
dimwishlist:item=2582755344&perks=3300816228,1771339417#notes: the grid (seaon 13)
dimwishlist:item=686951703&perks=1168162263,4049631843#notes: the grid (seaon 13)
dimwishlist:item=1766088024&perks=2869569095,3592538738#notes: the grid (seaon 13)
dimwishlist:item=2870169846&perks=1168162263,3592538738#notes: the grid (seaon 13)
dimwishlist:item=1162247618&perks=1683379515,3425386926#notes: the grid (seaon 13)
dimwishlist:item=2084611899&perks=1168162263,1015611457#notes: the grid (seaon 13)
dimwishlist:item=4156253727&perks=2450788523,4049631843#notes: the grid (seaon 13)
dimwishlist:item=1363238943&perks=1168162263,1015611457#notes: the grid (seaon 13)
dimwishlist:item=1216130969&perks=2779035018,3350417888#notes: the grid (seaon 13)
dimwishlist:item=208088207&perks=2779035018,3425386926#notes: the grid (seaon 13)
dimwishlist:item=2050789284&perks=2869569095,1015611457#notes: the grid (seaon 13)
dimwishlist:item=3658188704&perks=247725512,3047969693#notes: the grid (seaon 13)
dimwishlist:item=568515759&perks=1015611457,2213355989#notes: the grid (seaon 13)
dimwishlist:item=2545083870&perks=2010801679,1015611457#notes: the grid (seaon 13)
dimwishlist:item=991314988&perks=2869569095,1015611457#notes: the grid (seaon 13)
dimwishlist:item=2496242052&perks=2869569095,4104185692#notes: the grid (seaon 13)
dimwishlist:item=3067821200&perks=2010801679,1288081797#notes: the grid (seaon 13)
dimwishlist:item=3740842661&perks=2869569095,1546637391#notes: the grid (seaon 13)
dimwishlist:item=958384347&perks=2869569095,2284787283#notes: the grid (seaon 13)
dimwishlist:item=2448907086&perks=2869569095,2284787283#notes: the grid (seaon 13)
dimwishlist:item=42351395&perks=2010801679,2726471870#notes: the grid (seaon 13)
dimwishlist:item=2478792241&perks=2117683199,1546637391#notes: the grid (seaon 13)
dimwishlist:item=3799980700&perks=1168162263,3038247973#notes: the grid (seaon 13)
dimwishlist:item=3514096004&perks=3643424744,4049631843#notes: the grid (seaon 13)
dimwishlist:item=3504336176&perks=3643424744,3038247973#notes: the grid (seaon 13)
dimwishlist:item=3242168339&perks=247725512,3038247973#notes: the grid (seaon 13)
dimwishlist:item=2776503072&perks=2869569095,2458213969#notes: the grid (seaon 13)
dimwishlist:item=1392919471&perks=1523832109,3592538738#notes: the grid (seaon 13)
dimwishlist:item=1697682876&perks=2869569095,4082225868#notes: the grid (seaon 13)
dimwishlist:item=2957367743&perks=2869569095,3425386926#notes: the grid (seaon 13)
dimwishlist:item=1402766122&perks=25606670,2726471870#notes: the grid (seaon 13)
dimwishlist:item=1561006927&perks=3300816228,2360754333#notes: the grid (seaon 13)
dimwishlist:item=2891672170&perks=1631667848,4082225868#notes: the grid (seaon 13)
dimwishlist:item=2782847179&perks=1354429876,2726471870#notes: the grid (seaon 13)
dimwishlist:item=4037745684&perks=3400784728,3523296417#notes: the grid (seaon 13)
dimwishlist:item=3616586446&perks=3300816228,1546637391#notes: the grid (seaon 13)
dimwishlist:item=4248569242&perks=1523832109,469285294#notes: the grid (seaon 13)
dimwishlist:item=4020742303&perks=2779035018,2679249093#notes: the grid (seaon 13)
dimwishlist:item=346136302&perks=2054312701,2679249093#notes: the grid (seaon 13)
dimwishlist:item=3356526253&perks=2869569095,3300816228#notes: the grid (seaon 13)
dimwishlist:item=1197486957&perks=4071163871,3592538738#notes: the grid (seaon 13)
dimwishlist:item=2591586262&perks=1168162263,1015611457#notes: the grid (seaon 13)
dimwishlist:item=409551876&perks=247725512,2726471870#notes: the grid (seaon 13)
dimwishlist:item=2121785039&perks=2779035018,4104185692#notes: the grid (seaon 13)
dimwishlist:item=3937866388&perks=3523296417,3708227201#notes: the grid (seaon 13)
dimwishlist:item=1723380073&perks=3400784728,3523296417#notes: the grid (seaon 13)
dimwishlist:item=2199171672&perks=3643424744,4082225868#notes: the grid (seaon 13)
dimwishlist:item=4184808992&perks=3400784728,1546637391#notes: the grid (seaon 13)
dimwishlist:item=3164743584&perks=2869569095,1546637391#notes: the grid (seaon 13)
dimwishlist:item=893527433&perks=3300816228,4104185692#notes: the grid (seaon 13)
dimwishlist:item=3745990145&perks=247725512,3400784728#notes: the grid (seaon 13)
dimwishlist:item=3473290087&perks=3300816228,2726471870#notes: the grid (seaon 13)
dimwishlist:item=2990047042&perks=1523832109,469285294#notes: the grid (seaon 13)
dimwishlist:item=2164448701&perks=1168162263,3038247973#notes: the grid (seaon 13)
dimwishlist:item=2807687156&perks=2284787283,1771339417#notes: the grid (seaon 13)
dimwishlist:item=2527666306&perks=1354429876,2213355989#notes: the grid (seaon 13)
dimwishlist:item=3454326177&perks=1168162263,2848615171#notes: the grid (seaon 13)
dimwishlist:item=686951703&perks=1168162263,3400784728#notes: the grid (seaon 13)
dimwishlist:item=1506719573&perks=3436462433,4049631843#notes: the grid (seaon 13)
dimwishlist:item=1097616550&perks=3643424744,4104185692#notes: the grid (seaon 13)
dimwishlist:item=2222560548&perks=4071163871,3523296417#notes: the grid (seaon 13)
dimwishlist:item=1786797708&perks=3643424744,3708227201#notes: the grid (seaon 13)
dimwishlist:item=1513993763&perks=2869569095,3592538738#notes: the grid (seaon 13)
dimwishlist:item=766323545&perks=2779035018,2010801679#notes: the grid (seaon 13)
dimwishlist:item=3366545721&perks=2726471870,354401740#notes: the grid (seaon 13)
dimwishlist:item=2857348871&perks=1749209109,3913600130#notes: the grid (seaon 13)
dimwishlist:item=4230993599&perks=1749209109,3913600130#notes: the grid (seaon 13)
dimwishlist:item=1313528549&perks=2590710093,2396489472#notes: the grid (seaon 13)
dimwishlist:item=35794111&perks=2590710093,3708227201#notes: the grid (seaon 13)
dimwishlist:item=614426548&perks=1749209109,3913600130#notes: the grid (seaon 13)